#Date/Time of Update: 2016-12-18 8:58:31 PM,#Game Date,#Game Teams,#Player ID,#LastName,#FirstName,#Position,#Team ID,#Team Abbr.,#Team City,#Team Name,#Fg2PtAtt,#Fg2PtAttPerGame,#Fg2PtMade,#Fg2PtMadePerGame,#Fg2PtPct,#Fg3PtAtt,#Fg3PtAttPerGame,#Fg3PtMade,#Fg3PtMadePerGame,#Fg3PtPct,#FgAtt,#FgAttPerGame,#FgMade,#FgMadePerGame,#FgPct,#FtAtt,#FtAttPerGame,#FtMade,#FtMadePerGame,#FtPct,#OffReb,#OffRebPerGame,#DefReb,#DefRebPerGame,#Reb,#RebPerGame,#Ast,#AstPerGame,#Pts,#PtsPerGame,#Tov,#TovPerGame,#Stl,#StlPerGame,#Blk,#BlkPerGame,#BlkAgainst,#BlkAgainstPerGame,#FoulPers,#FoulPersPerGame,#PlusMinus,#PlusMinusPerGame,#MinSeconds,#MinSecondsPerGame,#Fouls,#FoulsPerGame,#FoulsDrawn,#FoulsDrawnPerGame,#FoulPersDrawn,#FoulPersDrawnPerGame,#FoulTech,#FoulTechPerGame,#FoulTechDrawn,#FoulTechDrawnPerGame,#FoulFlag1,#FoulFlag1PerGame,#FoulFlag1Drawn,#FoulFlag1DrawnPerGame,#FoulFlag2,#FoulFlag2PerGame,#FoulFlag2Drawn,#FoulFlag2DrawnPerGame,#Ejections
,2016-12-18,NOP@SAS,9357,Ajinca,Alexis,C,110,NOP,New Orleans,Pelicans,11,11.0,8,8.0,72.7,1,1.0,0,0.0,0.0,12,12.0,8,8.0,66.7,0,0.0,0,0.0,0.0,1,1.0,7,7.0,8,8.0,1,1.0,16,16.0,0,0.0,0,0.0,0,0.0,1,1.0,2,2.0,-9,-9.0,1756,1756.0,2,2.0,0,0.0,0,0.0,0,0.0,0,0.0,0,0.0,0,0.0,0,0.0,0,0.0,0
,2016-12-18,NOP@SAS,9480,Aldridge,LaMarcus,PF,106,SAS,San Antonio,Spurs,14,14.0,6,6.0,42.9,1,1.0,0,0.0,0.0,15,15.0,6,6.0,40.0,10,10.0,10,10.0,100.0,1,1.0,6,6.0,7,7.0,3,3.0,22,22.0,3,3.0,1,1.0,0,0.0,0,0.0,4,4.0,21,21.0,1767,1767.0,4,4.0,0,0.0,0,0.0,0,0.0,0,0.0,0,0.0,0,0.0,0,0.0,0,0.0,0
,2016-12-18,UTA@MEM,9299,Allen,Tony,SG,107,MEM,Memphis,Grizzlies,7,7.0,4,4.0,57.1,0,0.0,0,0.0,0.0,7,7.0,4,4.0,57.1,1,1.0,1,1.0,100.0,4,4.0,4,4.0,8,8.0,1,1.0,9,9.0,0,0.0,2,2.0,0,0.0,1,1.0,2,2.0,-20,-20.0,2096,2096.0,2,2.0,0,0.0,0,0.0,0,0.0,0,0.0,0,0.0,0,0.0,0,0.0,0,0.0,0
,2016-12-18,LAC@WAS,9527,Anderson,Alan,SG,102,LAC,Los Angeles,Clippers,0,0.0,0,0.0,0.0,0,0.0,0,0.0,0.0,0,0.0,0,0.0,0.0,0,0.0,0,0.0,0.0,0,0.0,0,0.0,0,0.0,0,0.0,0,0.0,0,0.0,0,0.0,0,0.0,0,0.0,0,0.0,0,0.0,0,0.0,0,0.0,0,0.0,0,0.0,0,0.0,0,0.0,0,0.0,0,0.0,0,0.0,0,0.0,0
,2016-12-18,SAC@DAL,9178,Anderson,Justin,SF,108,DAL,Dallas,Mavericks,1,1.0,0,0.0,0.0,0,0.0,0,0.0,0.0,1,1.0,0,0.0,0.0,2,2.0,2,2.0,100.0,0,0.0,1,1.0,1,1.0,0,0.0,2,2.0,0,0.0,1,1.0,0,0.0,0,0.0,0,0.0,3,3.0,131,131.0,1,1.0,0,0.0,1,1.0,0,0.0,0,0.0,0,0.0,0,0.0,0,0.0,0,0.0,0
,2016-12-18,NOP@SAS,9475,Anderson,Kyle,SF,106,SAS,San Antonio,Spurs,1,1.0,0,0.0,0.0,0,0.0,0,0.0,0.0,1,1.0,0,0.0,0.0,0,0.0,0,0.0,0.0,0,0.0,0,0.0,0,0.0,0,0.0,0,0.0,0,0.0,0,0.0,0,0.0,0,0.0,1,1.0,-2,-2.0,322,322.0,1,1.0,0,0.0,0,0.0,0,0.0,0,0.0,0,0.0,0,0.0,0,0.0,0,0.0,0
,2016-12-18,TOR@ORL,9190,Augustin,D.J.,PG,95,ORL,Orlando,Magic,3,3.0,0,0.0,0.0,1,1.0,0,0.0,0.0,4,4.0,0,0.0,0.0,0,0.0,0,0.0,0.0,1,1.0,2,2.0,3,3.0,2,2.0,0,0.0,1,1.0,2,2.0,0,0.0,2,2.0,3,3.0,2,2.0,1188,1188.0,3,3.0,0,0.0,0,0.0,0,0.0,0,0.0,0,0.0,0,0.0,0,0.0,0,0.0,0
,2016-12-18,BOS@MIA,9360,Babbitt,Luke,SF,92,MIA,Miami,Heat,1,1.0,0,0.0,0.0,1,1.0,0,0.0,0.0,2,2.0,0,0.0,0.0,0,0.0,0,0.0,0.0,0,0.0,0,0.0,0,0.0,0,0.0,0,0.0,0,0.0,1,1.0,0,0.0,1,1.0,0,0.0,-8,-8.0,227,227.0,0,0.0,0,0.0,0,0.0,0,0.0,0,0.0,0,0.0,0,0.0,0,0.0,0,0.0,0
,2016-12-18,SAC@DAL,9220,Barnes,Harrison,F,108,DAL,Dallas,Mavericks,13,13.0,4,4.0,30.8,2,2.0,1,1.0,50.0,15,15.0,5,5.0,33.3,6,6.0,4,4.0,66.7,3,3.0,6,6.0,9,9.0,2,2.0,15,15.0,0,0.0,3,3.0,1,1.0,0,0.0,0,0.0,9,9.0,1772,1772.0,4,4.0,0,0.0,4,4.0,0,0.0,0,0.0,0,0.0,0,0.0,0,0.0,0,0.0,0
,2016-12-18,SAC@DAL,9298,Barnes,Matt,SF,103,SAC,Sacramento,Kings,3,3.0,2,2.0,66.7,4,4.0,1,1.0,25.0,7,7.0,3,3.0,42.9,0,0.0,0,0.0,0.0,1,1.0,2,2.0,3,3.0,0,0.0,7,7.0,0,0.0,1,1.0,0,0.0,0,0.0,3,3.0,-10,-10.0,1472,1472.0,4,4.0,0,0.0,1,1.0,0,0.0,0,0.0,0,0.0,0,0.0,0,0.0,0,0.0,0
,2016-12-18,LAC@WAS,9523,Beal,Bradley,SG,94,WAS,Washington,Wizards,13,13.0,7,7.0,53.8,10,10.0,6,6.0,60.0,23,23.0,13,13.0,56.5,11,11.0,9,9.0,81.8,0,0.0,3,3.0,3,3.0,3,3.0,41,41.0,1,1.0,1,1.0,0,0.0,1,1.0,2,2.0,10,10.0,2282,2282.0,8,8.0,0,0.0,6,6.0,0,0.0,0,0.0,0,0.0,0,0.0,0,0.0,0,0.0,0
,2016-12-18,BRO@PHI,9544,Bennett,Anthony,PF,84,BRO,Brooklyn,Nets,1,1.0,0,0.0,0.0,0,0.0,0,0.0,0.0,1,1.0,0,0.0,0.0,0,0.0,0,0.0,0.0,1,1.0,3,3.0,4,4.0,1,1.0,0,0.0,1,1.0,0,0.0,0,0.0,0,0.0,1,1.0,-4,-4.0,448,448.0,1,1.0,0,0.0,0,0.0,0,0.0,0,0.0,0,0.0,0,0.0,0,0.0,0,0.0,0
,2016-12-18,NOP@SAS,10109,Bertans,Davis,F,106,SAS,San Antonio,Spurs,0,0.0,0,0.0,0.0,1,1.0,0,0.0,0.0,1,1.0,0,0.0,0.0,0,0.0,0,0.0,0.0,1,1.0,0,0.0,1,1.0,0,0.0,0,0.0,0,0.0,0,0.0,0,0.0,0,0.0,0,0.0,-4,-4.0,248,248.0,0,0.0,0,0.0,0,0.0,0,0.0,0,0.0,0,0.0,0,0.0,0,0.0,0,0.0,0
,2016-12-18,TOR@ORL,9497,Biyombo,Bismack,C,95,ORL,Orlando,Magic,5,5.0,3,3.0,60.0,0,0.0,0,0.0,0.0,5,5.0,3,3.0,60.0,2,2.0,2,2.0,100.0,2,2.0,10,10.0,12,12.0,1,1.0,8,8.0,4,4.0,1,1.0,3,3.0,1,1.0,1,1.0,-12,-12.0,1727,1727.0,1,1.0,0,0.0,0,0.0,0,0.0,0,0.0,0,0.0,0,0.0,0,0.0,0,0.0,0
,2016-12-18,BRO@PHI,9114,Bogdanovic,Bojan,SF,84,BRO,Brooklyn,Nets,6,6.0,3,3.0,50.0,7,7.0,2,2.0,28.6,13,13.0,5,5.0,38.5,2,2.0,2,2.0,100.0,1,1.0,5,5.0,6,6.0,2,2.0,14,14.0,1,1.0,0,0.0,0,0.0,0,0.0,0,0.0,6,6.0,1705,1705.0,0,0.0,0,0.0,0,0.0,0,0.0,0,0.0,0,0.0,0,0.0,0,0.0,0,0.0,0
,2016-12-18,BRO@PHI,9508,Booker,Trevor,PF,84,BRO,Brooklyn,Nets,6,6.0,2,2.0,33.3,1,1.0,0,0.0,0.0,7,7.0,2,2.0,28.6,2,2.0,1,1.0,50.0,1,1.0,5,5.0,6,6.0,4,4.0,5,5.0,2,2.0,0,0.0,0,0.0,2,2.0,3,3.0,11,11.0,1926,1926.0,3,3.0,0,0.0,0,0.0,0,0.0,0,0.0,0,0.0,0,0.0,0,0.0,0,0.0,0
,2016-12-18,BOS@MIA,9097,Bradley,Avery,SG,82,BOS,Boston,Celtics,12,12.0,7,7.0,58.3,5,5.0,2,2.0,40.0,17,17.0,9,9.0,52.9,0,0.0,0,0.0,0.0,1,1.0,4,4.0,5,5.0,0,0.0,20,20.0,2,2.0,1,1.0,0,0.0,0,0.0,3,3.0,10,10.0,2007,2007.0,3,3.0,0,0.0,0,0.0,0,0.0,0,0.0,0,0.0,0,0.0,0,0.0,0,0.0,0
,2016-12-18,BOS@MIA,10090,Brown,Jaylen,SF,82,BOS,Boston,Celtics,2,2.0,1,1.0,50.0,0,0.0,0,0.0,0.0,2,2.0,1,1.0,50.0,0,0.0,0,0.0,0.0,0,0.0,0,0.0,0,0.0,0,0.0,2,2.0,0,0.0,0,0.0,1,1.0,0,0.0,0,0.0,-2,-2.0,417,417.0,0,0.0,0,0.0,0,0.0,0,0.0,0,0.0,0,0.0,0,0.0,0,0.0,0,0.0,0
,2016-12-18,SAC@DAL,10118,Brussino,Nicolas,F,108,DAL,Dallas,Mavericks,0,0.0,0,0.0,0.0,1,1.0,0,0.0,0.0,1,1.0,0,0.0,0.0,0,0.0,0,0.0,0.0,0,0.0,0,0.0,0,0.0,0,0.0,0,0.0,0,0.0,0,0.0,0,0.0,0,0.0,0,0.0,0,0.0,109,109.0,0,0.0,0,0.0,0,0.0,0,0.0,0,0.0,0,0.0,0,0.0,0,0.0,0,0.0,0
,2016-12-18,LAC@WAS,9504,Burke,Trey,PG,94,WAS,Washington,Wizards,1,1.0,0,0.0,0.0,2,2.0,2,2.0,100.0,3,3.0,2,2.0,66.7,2,2.0,1,1.0,50.0,0,0.0,0,0.0,0,0.0,1,1.0,7,7.0,1,1.0,0,0.0,0,0.0,0,0.0,2,2.0,-1,-1.0,1049,1049.0,3,3.0,0,0.0,1,1.0,0,0.0,0,0.0,0,0.0,0,0.0,0,0.0,0,0.0,0
,2016-12-18,TOR@ORL,9494,Caboclo,Bruno,SF,81,TOR,Toronto,Raptors,0,0.0,0,0.0,0.0,1,1.0,0,0.0,0.0,1,1.0,0,0.0,0.0,0,0.0,0,0.0,0.0,0,0.0,0,0.0,0,0.0,0,0.0,0,0.0,0,0.0,0,0.0,0,0.0,0,0.0,0,0.0,-3,-3.0,255,255.0,0,0.0,0,0.0,0,0.0,0,0.0,0,0.0,0,0.0,0,0.0,0,0.0,0,0.0,0
,2016-12-18,TOR@ORL,9496,Carroll,DeMarre,SF,81,TOR,Toronto,Raptors,3,3.0,3,3.0,100.0,1,1.0,0,0.0,0.0,4,4.0,3,3.0,75.0,5,5.0,2,2.0,40.0,0,0.0,3,3.0,3,3.0,0,0.0,8,8.0,0,0.0,0,0.0,0,0.0,0,0.0,2,2.0,6,6.0,1400,1400.0,2,2.0,0,0.0,0,0.0,0,0.0,0,0.0,0,0.0,0,0.0,0,0.0,0,0.0,0
,2016-12-18,UTA@MEM,9292,Carter,Vince,SG,107,MEM,Memphis,Grizzlies,4,4.0,1,1.0,25.0,2,2.0,1,1.0,50.0,6,6.0,2,2.0,33.3,1,1.0,1,1.0,100.0,1,1.0,1,1.0,2,2.0,1,1.0,6,6.0,1,1.0,0,0.0,0,0.0,1,1.0,2,2.0,0,0.0,770,770.0,2,2.0,0,0.0,0,0.0,0,0.0,0,0.0,0,0.0,0,0.0,0,0.0,0,0.0,0
,2016-12-18,SAC@DAL,9461,Cauley-Stein,Willie,C,103,SAC,Sacramento,Kings,4,4.0,2,2.0,50.0,0,0.0,0,0.0,0.0,4,4.0,2,2.0,50.0,2,2.0,0,0.0,0.0,1,1.0,5,5.0,6,6.0,0,0.0,4,4.0,1,1.0,0,0.0,0,0.0,1,1.0,0,0.0,-8,-8.0,869,869.0,1,1.0,0,0.0,1,1.0,0,0.0,0,0.0,0,0.0,0,0.0,0,0.0,0,0.0,0
,2016-12-18,SAC@DAL,9460,Collison,Darren,PG,103,SAC,Sacramento,Kings,5,5.0,1,1.0,20.0,3,3.0,0,0.0,0.0,8,8.0,1,1.0,12.5,1,1.0,0,0.0,0.0,0,0.0,1,1.0,1,1.0,3,3.0,2,2.0,0,0.0,0,0.0,0,0.0,0,0.0,1,1.0,-12,-12.0,1488,1488.0,2,2.0,0,0.0,1,1.0,0,0.0,0,0.0,0,0.0,0,0.0,0,0.0,0,0.0,0
,2016-12-18,UTA@MEM,9296,Conley,Mike,PG,107,MEM,Memphis,Grizzlies,7,7.0,2,2.0,28.6,9,9.0,1,1.0,11.1,16,16.0,3,3.0,18.8,9,9.0,7,7.0,77.8,0,0.0,0,0.0,0,0.0,4,4.0,14,14.0,0,0.0,1,1.0,0,0.0,2,2.0,1,1.0,-18,-18.0,2023,2023.0,1,1.0,0,0.0,0,0.0,0,0.0,0,0.0,0,0.0,0,0.0,0,0.0,0,0.0,0
,2016-12-18,SAC@DAL,9457,Cousins,DeMarcus,C,103,SAC,Sacramento,Kings,18,18.0,10,10.0,55.6,6,6.0,2,2.0,33.3,24,24.0,12,12.0,50.0,10,10.0,7,7.0,70.0,0,0.0,6,6.0,6,6.0,0,0.0,33,33.0,2,2.0,0,0.0,1,1.0,3,3.0,3,3.0,-16,-16.0,2091,2091.0,8,8.0,0,0.0,5,5.0,0,0.0,0,0.0,0,0.0,0,0.0,0,0.0,0,0.0,0
,2016-12-18,BRO@PHI,9420,Covington,Robert,SF,85,PHI,Philadelphia,76ers,7,7.0,4,4.0,57.1,4,4.0,1,1.0,25.0,11,11.0,5,5.0,45.4,4,4.0,4,4.0,100.0,2,2.0,3,3.0,5,5.0,2,2.0,15,15.0,1,1.0,1,1.0,0,0.0,0,0.0,2,2.0,-4,-4.0,2350,2350.0,2,2.0,0,0.0,0,0.0,0,0.0,0,0.0,0,0.0,0,0.0,0,0.0,0,0.0,0
,2016-12-18,LAC@WAS,9263,Crawford,Jamal,SG,102,LAC,Los Angeles,Clippers,3,3.0,1,1.0,33.3,3,3.0,1,1.0,33.3,6,6.0,2,2.0,33.3,1,1.0,1,1.0,100.0,0,0.0,2,2.0,2,2.0,3,3.0,6,6.0,4,4.0,0,0.0,0,0.0,0,0.0,1,1.0,5,5.0,1720,1720.0,3,3.0,0,0.0,2,2.0,0,0.0,0,0.0,0,0.0,0,0.0,0,0.0,0,0.0,0
,2016-12-18,BOS@MIA,9107,Crowder,Jae,SF,82,BOS,Boston,Celtics,4,4.0,1,1.0,25.0,6,6.0,3,3.0,50.0,10,10.0,4,4.0,40.0,6,6.0,4,4.0,66.7,2,2.0,4,4.0,6,6.0,1,1.0,15,15.0,0,0.0,5,5.0,0,0.0,0,0.0,1,1.0,9,9.0,2016,2016.0,1,1.0,0,0.0,0,0.0,0,0.0,0,0.0,0,0.0,0,0.0,0,0.0,0,0.0,0
,2016-12-18,NOP@SAS,9359,Cunningham,Dante,SF,110,NOP,New Orleans,Pelicans,2,2.0,1,1.0,50.0,2,2.0,1,1.0,50.0,4,4.0,2,2.0,50.0,0,0.0,0,0.0,0.0,0,0.0,1,1.0,1,1.0,0,0.0,5,5.0,1,1.0,1,1.0,0,0.0,0,0.0,0,0.0,-2,-2.0,335,335.0,0,0.0,0,0.0,0,0.0,0,0.0,0,0.0,0,0.0,0,0.0,0,0.0,0,0.0,0
,2016-12-18,SAC@DAL,9467,Curry,Seth,PG,108,DAL,Dallas,Mavericks,4,4.0,2,2.0,50.0,6,6.0,3,3.0,50.0,10,10.0,5,5.0,50.0,0,0.0,0,0.0,0.0,0,0.0,5,5.0,5,5.0,4,4.0,13,13.0,2,2.0,2,2.0,0,0.0,1,1.0,0,0.0,9,9.0,1723,1723.0,1,1.0,0,0.0,1,1.0,0,0.0,0,0.0,0,0.0,0,0.0,0,0.0,0,0.0,0
,2016-12-18,UTA@MEM,9136,Daniels,Troy,SG,107,MEM,Memphis,Grizzlies,1,1.0,0,0.0,0.0,0,0.0,0,0.0,0.0,1,1.0,0,0.0,0.0,0,0.0,0,0.0,0.0,0,0.0,0,0.0,0,0.0,0,0.0,0,0.0,1,1.0,0,0.0,0,0.0,0,0.0,3,3.0,-11,-11.0,1039,1039.0,3,3.0,0,0.0,0,0.0,0,0.0,0,0.0,0,0.0,0,0.0,0,0.0,0,0.0,0
,2016-12-18,NOP@SAS,9354,Davis,Anthony,PF,110,NOP,New Orleans,Pelicans,12,12.0,5,5.0,41.7,0,0.0,0,0.0,0.0,12,12.0,5,5.0,41.7,4,4.0,2,2.0,50.0,2,2.0,2,2.0,4,4.0,1,1.0,12,12.0,3,3.0,0,0.0,2,2.0,1,1.0,4,4.0,-19,-19.0,1781,1781.0,4,4.0,0,0.0,0,0.0,0,0.0,0,0.0,0,0.0,0,0.0,0,0.0,0,0.0,0
,2016-12-18,NOP@SAS,9404,Dedmon,Dewayne,C,106,SAS,San Antonio,Spurs,5,5.0,2,2.0,40.0,0,0.0,0,0.0,0.0,5,5.0,2,2.0,40.0,0,0.0,0,0.0,0.0,0,0.0,2,2.0,2,2.0,2,2.0,4,4.0,1,1.0,0,0.0,0,0.0,1,1.0,2,2.0,-4,-4.0,357,357.0,2,2.0,0,0.0,0,0.0,0,0.0,0,0.0,0,0.0,0,0.0,0,0.0,0,0.0,0
,2016-12-18,TOR@ORL,9489,DeRozan,DeMar,SG,81,TOR,Toronto,Raptors,18,18.0,12,12.0,66.7,3,3.0,1,1.0,33.3,21,21.0,13,13.0,61.9,4,4.0,4,4.0,100.0,0,0.0,5,5.0,5,5.0,4,4.0,31,31.0,3,3.0,1,1.0,0,0.0,0,0.0,2,2.0,14,14.0,1817,1817.0,2,2.0,0,0.0,0,0.0,0,0.0,0,0.0,0,0.0,0,0.0,0,0.0,0,0.0,0
,2016-12-18,NOP@SAS,10137,Diallo,Cheick,F,110,NOP,New Orleans,Pelicans,0,0.0,0,0.0,0.0,0,0.0,0,0.0,0.0,0,0.0,0,0.0,0.0,0,0.0,0,0.0,0.0,0,0.0,0,0.0,0,0.0,0,0.0,0,0.0,0,0.0,0,0.0,0,0.0,0,0.0,0,0.0,4,4.0,185,185.0,0,0.0,0,0.0,0,0.0,0,0.0,0,0.0,0,0.0,0,0.0,0,0.0,0,0.0,0
,2016-12-18,UTA@MEM,9473,Diaw,Boris,PF,98,UTA,Utah,Jazz,4,4.0,3,3.0,75.0,1,1.0,1,1.0,100.0,5,5.0,4,4.0,80.0,2,2.0,2,2.0,100.0,1,1.0,5,5.0,6,6.0,3,3.0,11,11.0,2,2.0,0,0.0,0,0.0,0,0.0,1,1.0,17,17.0,1836,1836.0,1,1.0,0,0.0,0,0.0,0,0.0,0,0.0,0,0.0,0,0.0,0,0.0,0,0.0,0
,2016-12-18,BRO@PHI,9209,Dinwiddie,Spencer,PG,84,BRO,Brooklyn,Nets,0,0.0,0,0.0,0.0,0,0.0,0,0.0,0.0,0,0.0,0,0.0,0.0,0,0.0,0,0.0,0.0,0,0.0,0,0.0,0,0.0,0,0.0,0,0.0,0,0.0,0,0.0,0,0.0,0,0.0,0,0.0,0,0.0,0,0.0,0,0.0,0,0.0,0,0.0,0,0.0,0,0.0,0,0.0,0,0.0,0,0.0,0,0.0,0
,2016-12-18,BOS@MIA,9314,Dragic,Goran,PG,92,MIA,Miami,Heat,15,15.0,7,7.0,46.7,6,6.0,5,5.0,83.3,21,21.0,12,12.0,57.1,4,4.0,2,2.0,50.0,0,0.0,5,5.0,5,5.0,7,7.0,31,31.0,5,5.0,0,0.0,0,0.0,0,0.0,4,4.0,-1,-1.0,2252,2252.0,4,4.0,0,0.0,0,0.0,0,0.0,0,0.0,0,0.0,0,0.0,0,0.0,0,0.0,0
,2016-12-18,BOS@MIA,9121,Ellington,Wayne,SG,92,MIA,Miami,Heat,0,0.0,0,0.0,0.0,0,0.0,0,0.0,0.0,0,0.0,0,0.0,0.0,0,0.0,0,0.0,0.0,0,0.0,0,0.0,0,0.0,0,0.0,0,0.0,0,0.0,0,0.0,0,0.0,0,0.0,0,0.0,0,0.0,0,0.0,0,0.0,0,0.0,0,0.0,0,0.0,0,0.0,0,0.0,0,0.0,0,0.0,0,0.0,0
,2016-12-18,BRO@PHI,9418,Embiid,Joel,C,85,PHI,Philadelphia,76ers,14,14.0,10,10.0,71.4,3,3.0,2,2.0,66.7,17,17.0,12,12.0,70.6,8,8.0,7,7.0,87.5,2,2.0,8,8.0,10,10.0,1,1.0,33,33.0,3,3.0,2,2.0,3,3.0,0,0.0,2,2.0,7,7.0,1756,1756.0,2,2.0,0,0.0,0,0.0,0,0.0,0,0.0,0,0.0,0,0.0,0,0.0,0,0.0,0
,2016-12-18,UTA@MEM,9367,Ennis III,James,SF,107,MEM,Memphis,Grizzlies,3,3.0,1,1.0,33.3,0,0.0,0,0.0,0.0,3,3.0,1,1.0,33.3,4,4.0,3,3.0,75.0,1,1.0,3,3.0,4,4.0,0,0.0,5,5.0,0,0.0,0,0.0,0,0.0,0,0.0,5,5.0,1,1.0,443,443.0,5,5.0,0,0.0,0,0.0,0,0.0,0,0.0,0,0.0,0,0.0,0,0.0,0,0.0,0
,2016-12-18,NOP@SAS,9356,Evans,Tyreke,SG,110,NOP,New Orleans,Pelicans,5,5.0,2,2.0,40.0,4,4.0,0,0.0,0.0,9,9.0,2,2.0,22.2,0,0.0,0,0.0,0.0,0,0.0,6,6.0,6,6.0,3,3.0,4,4.0,0,0.0,0,0.0,0,0.0,0,0.0,1,1.0,6,6.0,664,664.0,1,1.0,0,0.0,0,0.0,0,0.0,0,0.0,0,0.0,0,0.0,0,0.0,0,0.0,0
,2016-12-18,UTA@MEM,9509,Exum,Dante,G,98,UTA,Utah,Jazz,1,1.0,0,0.0,0.0,2,2.0,0,0.0,0.0,3,3.0,0,0.0,0.0,0,0.0,0,0.0,0.0,0,0.0,2,2.0,2,2.0,3,3.0,0,0.0,3,3.0,0,0.0,0,0.0,0,0.0,4,4.0,4,4.0,1175,1175.0,4,4.0,0,0.0,0,0.0,0,0.0,0,0.0,0,0.0,0,0.0,0,0.0,0,0.0,0
,2016-12-18,UTA@MEM,9505,Favors,Derrick,PF,98,UTA,Utah,Jazz,4,4.0,2,2.0,50.0,0,0.0,0,0.0,0.0,4,4.0,2,2.0,50.0,2,2.0,1,1.0,50.0,0,0.0,1,1.0,1,1.0,0,0.0,5,5.0,0,0.0,0,0.0,4,4.0,0,0.0,0,0.0,-7,-7.0,490,490.0,0,0.0,0,0.0,0,0.0,0,0.0,0,0.0,0,0.0,0,0.0,0,0.0,0,0.0,0
,2016-12-18,LAC@WAS,9175,Felton,Raymond,PG,102,LAC,Los Angeles,Clippers,3,3.0,0,0.0,0.0,0,0.0,0,0.0,0.0,3,3.0,0,0.0,0.0,0,0.0,0,0.0,0.0,1,1.0,1,1.0,2,2.0,1,1.0,0,0.0,0,0.0,0,0.0,0,0.0,1,1.0,0,0.0,-2,-2.0,658,658.0,0,0.0,0,0.0,0,0.0,0,0.0,0,0.0,0,0.0,0,0.0,0,0.0,0,0.0,0
,2016-12-18,SAC@DAL,10117,Finney-Smith,Dorian,F,108,DAL,Dallas,Mavericks,3,3.0,2,2.0,66.7,6,6.0,3,3.0,50.0,9,9.0,5,5.0,55.6,4,4.0,4,4.0,100.0,0,0.0,2,2.0,2,2.0,3,3.0,17,17.0,3,3.0,1,1.0,0,0.0,0,0.0,2,2.0,20,20.0,1740,1740.0,6,6.0,0,0.0,4,4.0,0,0.0,0,0.0,0,0.0,0,0.0,0,0.0,0,0.0,0
,2016-12-18,TOR@ORL,9399,Fournier,Evan,SF,95,ORL,Orlando,Magic,8,8.0,6,6.0,75.0,2,2.0,0,0.0,0.0,10,10.0,6,6.0,60.0,3,3.0,3,3.0,100.0,2,2.0,1,1.0,3,3.0,3,3.0,15,15.0,3,3.0,1,1.0,0,0.0,1,1.0,5,5.0,-7,-7.0,1496,1496.0,5,5.0,0,0.0,0,0.0,0,0.0,0,0.0,0,0.0,0,0.0,0,0.0,0,0.0,0
,2016-12-18,NOP@SAS,9366,Frazier,Tim,PG,110,NOP,New Orleans,Pelicans,1,1.0,0,0.0,0.0,3,3.0,2,2.0,66.7,4,4.0,2,2.0,50.0,0,0.0,0,0.0,0.0,0,0.0,3,3.0,3,3.0,6,6.0,6,6.0,1,1.0,1,1.0,1,1.0,0,0.0,2,2.0,11,11.0,844,844.0,2,2.0,0,0.0,0,0.0,0,0.0,0,0.0,0,0.0,0,0.0,0,0.0,0,0.0,0
,2016-12-18,NOP@SAS,9372,Galloway,Langston,PG,110,NOP,New Orleans,Pelicans,3,3.0,2,2.0,66.7,4,4.0,1,1.0,25.0,7,7.0,3,3.0,42.9,0,0.0,0,0.0,0.0,1,1.0,1,1.0,2,2.0,2,2.0,7,7.0,0,0.0,0,0.0,0,0.0,0,0.0,1,1.0,5,5.0,795,795.0,1,1.0,0,0.0,0,0.0,0,0.0,0,0.0,0,0.0,0,0.0,0,0.0,0,0.0,0
,2016-12-18,UTA@MEM,9295,Gasol,Marc,C,107,MEM,Memphis,Grizzlies,17,17.0,4,4.0,23.5,5,5.0,0,0.0,0.0,22,22.0,4,4.0,18.2,0,0.0,0,0.0,0.0,2,2.0,5,5.0,7,7.0,4,4.0,8,8.0,3,3.0,1,1.0,0,0.0,0,0.0,2,2.0,-20,-20.0,2364,2364.0,2,2.0,0,0.0,0,0.0,0,0.0,0,0.0,0,0.0,0,0.0,0,0.0,0,0.0,0
,2016-12-18,NOP@SAS,9149,Gasol,Pau,C,106,SAS,San Antonio,Spurs,7,7.0,3,3.0,42.9,0,0.0,0,0.0,0.0,7,7.0,3,3.0,42.9,4,4.0,1,1.0,25.0,5,5.0,9,9.0,14,14.0,4,4.0,7,7.0,1,1.0,0,0.0,2,2.0,2,2.0,1,1.0,17,17.0,1512,1512.0,1,1.0,0,0.0,0,0.0,0,0.0,0,0.0,0,0.0,0,0.0,0,0.0,0,0.0,0
,2016-12-18,SAC@DAL,11307,Gibson,Jonathan,G,108,DAL,Dallas,Mavericks,0,0.0,0,0.0,0.0,0,0.0,0,0.0,0.0,0,0.0,0,0.0,0.0,0,0.0,0,0.0,0.0,0,0.0,0,0.0,0,0.0,1,1.0,0,0.0,0,0.0,0,0.0,0,0.0,0,0.0,1,1.0,3,3.0,131,131.0,1,1.0,0,0.0,0,0.0,0,0.0,0,0.0,0,0.0,0,0.0,0,0.0,0,0.0,0
,2016-12-18,NOP@SAS,9478,Ginobili,Manu,SG,106,SAS,San Antonio,Spurs,4,4.0,3,3.0,75.0,5,5.0,3,3.0,60.0,9,9.0,6,6.0,66.7,2,2.0,2,2.0,100.0,0,0.0,1,1.0,1,1.0,1,1.0,17,17.0,0,0.0,1,1.0,1,1.0,0,0.0,1,1.0,7,7.0,809,809.0,1,1.0,0,0.0,0,0.0,0,0.0,0,0.0,0,0.0,0,0.0,0,0.0,0,0.0,0
,2016-12-18,UTA@MEM,9503,Gobert,Rudy,C,98,UTA,Utah,Jazz,9,9.0,9,9.0,100.0,0,0.0,0,0.0,0.0,9,9.0,9,9.0,100.0,7,7.0,3,3.0,42.9,2,2.0,10,10.0,12,12.0,0,0.0,21,21.0,3,3.0,1,1.0,3,3.0,0,0.0,5,5.0,14,14.0,2475,2475.0,5,5.0,0,0.0,0,0.0,0,0.0,0,0.0,0,0.0,0,0.0,0,0.0,0,0.0,0
,2016-12-18,TOR@ORL,9406,Gordon,Aaron,PF,95,ORL,Orlando,Magic,5,5.0,2,2.0,40.0,4,4.0,1,1.0,25.0,9,9.0,3,3.0,33.3,0,0.0,0,0.0,0.0,0,0.0,1,1.0,1,1.0,0,0.0,7,7.0,1,1.0,0,0.0,0,0.0,1,1.0,2,2.0,4,4.0,1323,1323.0,2,2.0,0,0.0,0,0.0,0,0.0,0,0.0,0,0.0,0,0.0,0,0.0,0,0.0,0
,2016-12-18,LAC@WAS,9519,Gortat,Marcin,C,94,WAS,Washington,Wizards,8,8.0,4,4.0,50.0,0,0.0,0,0.0,0.0,8,8.0,4,4.0,50.0,1,1.0,1,1.0,100.0,2,2.0,5,5.0,7,7.0,0,0.0,9,9.0,2,2.0,1,1.0,2,2.0,0,0.0,4,4.0,7,7.0,2318,2318.0,8,8.0,0,0.0,4,4.0,0,0.0,0,0.0,0,0.0,0,0.0,0,0.0,0,0.0,0
,2016-12-18,NOP@SAS,9477,Green,Danny,SG,106,SAS,San Antonio,Spurs,0,0.0,0,0.0,0.0,5,5.0,3,3.0,60.0,5,5.0,3,3.0,60.0,0,0.0,0,0.0,0.0,0,0.0,3,3.0,3,3.0,2,2.0,9,9.0,0,0.0,1,1.0,1,1.0,0,0.0,1,1.0,23,23.0,1626,1626.0,1,1.0,0,0.0,0,0.0,0,0.0,0,0.0,0,0.0,0,0.0,0,0.0,0,0.0,0
,2016-12-18,UTA@MEM,9302,Green,JaMychal,PF,107,MEM,Memphis,Grizzlies,8,8.0,5,5.0,62.5,3,3.0,0,0.0,0.0,11,11.0,5,5.0,45.4,0,0.0,0,0.0,0.0,4,4.0,7,7.0,11,11.0,0,0.0,10,10.0,0,0.0,2,2.0,1,1.0,1,1.0,4,4.0,-19,-19.0,3214,3214.0,4,4.0,0,0.0,0,0.0,0,0.0,0,0.0,0,0.0,0,0.0,0,0.0,0,0.0,0
,2016-12-18,TOR@ORL,9271,Green,Jeff,SF,95,ORL,Orlando,Magic,3,3.0,1,1.0,33.3,4,4.0,0,0.0,0.0,7,7.0,1,1.0,14.3,2,2.0,1,1.0,50.0,0,0.0,3,3.0,3,3.0,1,1.0,3,3.0,2,2.0,0,0.0,0,0.0,0,0.0,1,1.0,-71,-71.0,3623,3623.0,1,1.0,0,0.0,0,0.0,0,0.0,0,0.0,0,0.0,0,0.0,0,0.0,0,0.0,0
,2016-12-18,LAC@WAS,9262,Griffin,Blake,PF,102,LAC,Los Angeles,Clippers,21,21.0,10,10.0,47.6,0,0.0,0,0.0,0.0,21,21.0,10,10.0,47.6,8,8.0,6,6.0,75.0,1,1.0,6,6.0,7,7.0,7,7.0,26,26.0,2,2.0,1,1.0,0,0.0,0,0.0,1,1.0,-5,-5.0,2301,2301.0,8,8.0,0,0.0,7,7.0,0,0.0,0,0.0,0,0.0,0,0.0,0,0.0,0,0.0,0
,2016-12-18,SAC@DAL,9657,Hammons,A.J.,C,108,DAL,Dallas,Mavericks,,,,,,,,,,,,,,,,,,,,,,,,,,,,,,,,,,,,,,,,,,,,,,,,,,,,,,,,,,,,,,,
,2016-12-18,SAC@DAL,9176,Harris,Devin,PG,108,DAL,Dallas,Mavericks,5,5.0,3,3.0,60.0,5,5.0,2,2.0,40.0,10,10.0,5,5.0,50.0,2,2.0,2,2.0,100.0,0,0.0,7,7.0,7,7.0,1,1.0,14,14.0,2,2.0,1,1.0,0,0.0,0,0.0,0,0.0,11,11.0,1200,1200.0,3,3.0,0,0.0,3,3.0,0,0.0,0,0.0,0,0.0,0,0.0,0,0.0,0,0.0,0
,2016-12-18,BRO@PHI,9540,Harris,Joe,SG,84,BRO,Brooklyn,Nets,4,4.0,2,2.0,50.0,9,9.0,5,5.0,55.6,13,13.0,7,7.0,53.8,0,0.0,0,0.0,0.0,0,0.0,2,2.0,2,2.0,2,2.0,19,19.0,2,2.0,2,2.0,0,0.0,0,0.0,3,3.0,6,6.0,1200,1200.0,3,3.0,0,0.0,0,0.0,0,0.0,0,0.0,0,0.0,0,0.0,0,0.0,0,0.0,0
,2016-12-18,UTA@MEM,10130,Harrison,Andrew,G,107,MEM,Memphis,Grizzlies,6,6.0,1,1.0,16.7,1,1.0,0,0.0,0.0,7,7.0,1,1.0,14.3,0,0.0,0,0.0,0.0,2,2.0,0,0.0,2,2.0,1,1.0,2,2.0,1,1.0,0,0.0,0,0.0,3,3.0,3,3.0,9,9.0,900,900.0,3,3.0,0,0.0,0,0.0,0,0.0,0,0.0,0,0.0,0,0.0,0,0.0,0,0.0,0
,2016-12-18,UTA@MEM,9506,Hayward,Gordon,SF,98,UTA,Utah,Jazz,6,6.0,1,1.0,16.7,7,7.0,4,4.0,57.1,13,13.0,5,5.0,38.5,9,9.0,8,8.0,88.9,1,1.0,6,6.0,7,7.0,6,6.0,22,22.0,2,2.0,2,2.0,3,3.0,1,1.0,2,2.0,16,16.0,2500,2500.0,2,2.0,0,0.0,0,0.0,0,0.0,0,0.0,0,0.0,0,0.0,0,0.0,0,0.0,0
,2016-12-18,BRO@PHI,9450,Henderson,Gerald,SG,85,PHI,Philadelphia,76ers,5,5.0,3,3.0,60.0,1,1.0,1,1.0,100.0,6,6.0,4,4.0,66.7,1,1.0,1,1.0,100.0,0,0.0,2,2.0,2,2.0,3,3.0,10,10.0,0,0.0,1,1.0,0,0.0,0,0.0,1,1.0,-1,-1.0,1933,1933.0,1,1.0,0,0.0,0,0.0,0,0.0,0,0.0,0,0.0,0,0.0,0,0.0,0,0.0,0
,2016-12-18,TOR@ORL,9409,Hezonja,Mario,SF,95,ORL,Orlando,Magic,3,3.0,2,2.0,66.7,0,0.0,0,0.0,0.0,3,3.0,2,2.0,66.7,1,1.0,1,1.0,100.0,0,0.0,1,1.0,1,1.0,0,0.0,5,5.0,3,3.0,1,1.0,0,0.0,0,0.0,0,0.0,-1,-1.0,408,408.0,0,0.0,0,0.0,0,0.0,0,0.0,0,0.0,0,0.0,0,0.0,0,0.0,0,0.0,0
,2016-12-18,NOP@SAS,10136,Hield,Buddy,G,110,NOP,New Orleans,Pelicans,7,7.0,4,4.0,57.1,4,4.0,2,2.0,50.0,11,11.0,6,6.0,54.6,0,0.0,0,0.0,0.0,1,1.0,2,2.0,3,3.0,2,2.0,14,14.0,2,2.0,0,0.0,0,0.0,2,2.0,1,1.0,-18,-18.0,1808,1808.0,1,1.0,0,0.0,0,0.0,0,0.0,0,0.0,0,0.0,0,0.0,0,0.0,0,0.0,0
,2016-12-18,NOP@SAS,9355,Holiday,Jrue,PG,110,NOP,New Orleans,Pelicans,6,6.0,1,1.0,16.7,2,2.0,1,1.0,50.0,8,8.0,2,2.0,25.0,0,0.0,0,0.0,0.0,0,0.0,2,2.0,2,2.0,6,6.0,5,5.0,2,2.0,1,1.0,1,1.0,0,0.0,2,2.0,-26,-26.0,1615,1615.0,2,2.0,0,0.0,0,0.0,0,0.0,0,0.0,0,0.0,0,0.0,0,0.0,0,0.0,0
,2016-12-18,BRO@PHI,9116,Hollis-Jefferson,Rondae,SF,84,BRO,Brooklyn,Nets,4,4.0,3,3.0,75.0,1,1.0,0,0.0,0.0,5,5.0,3,3.0,60.0,4,4.0,1,1.0,25.0,1,1.0,4,4.0,5,5.0,1,1.0,7,7.0,3,3.0,2,2.0,1,1.0,1,1.0,3,3.0,-12,-12.0,771,771.0,3,3.0,0,0.0,0,0.0,0,0.0,0,0.0,0,0.0,0,0.0,0,0.0,0,0.0,0
,2016-12-18,UTA@MEM,9510,Hood,Rodney,SG,98,UTA,Utah,Jazz,8,8.0,5,5.0,62.5,8,8.0,0,0.0,0.0,16,16.0,5,5.0,31.2,0,0.0,0,0.0,0.0,1,1.0,3,3.0,4,4.0,1,1.0,10,10.0,0,0.0,0,0.0,0,0.0,0,0.0,1,1.0,25,25.0,2052,2052.0,1,1.0,0,0.0,0,0.0,0,0.0,0,0.0,0,0.0,0,0.0,0,0.0,0,0.0,0
,2016-12-18,BOS@MIA,9082,Horford,Al,C,82,BOS,Boston,Celtics,11,11.0,7,7.0,63.6,4,4.0,0,0.0,0.0,15,15.0,7,7.0,46.7,3,3.0,3,3.0,100.0,2,2.0,5,5.0,7,7.0,8,8.0,17,17.0,1,1.0,2,2.0,1,1.0,0,0.0,1,1.0,7,7.0,1978,1978.0,1,1.0,0,0.0,0,0.0,0,0.0,0,0.0,0,0.0,0,0.0,0,0.0,0,0.0,0
,2016-12-18,TOR@ORL,9388,Ibaka,Serge,PF,95,ORL,Orlando,Magic,8,8.0,5,5.0,62.5,1,1.0,0,0.0,0.0,9,9.0,5,5.0,55.6,0,0.0,0,0.0,0.0,0,0.0,4,4.0,4,4.0,0,0.0,10,10.0,0,0.0,0,0.0,0,0.0,0,0.0,0,0.0,-8,-8.0,1425,1425.0,0,0.0,0,0.0,0,0.0,0,0.0,0,0.0,0,0.0,0,0.0,0,0.0,0,0.0,0
,2016-12-18,BRO@PHI,9400,Ilyasova,Ersan,PF,85,PHI,Philadelphia,76ers,5,5.0,3,3.0,60.0,7,7.0,4,4.0,57.1,12,12.0,7,7.0,58.3,4,4.0,4,4.0,100.0,0,0.0,4,4.0,4,4.0,2,2.0,22,22.0,2,2.0,0,0.0,1,1.0,0,0.0,3,3.0,-1,-1.0,1361,1361.0,3,3.0,0,0.0,0,0.0,0,0.0,0,0.0,0,0.0,0,0.0,0,0.0,0,0.0,0
,2016-12-18,UTA@MEM,9513,Ingles,Joe,SF,98,UTA,Utah,Jazz,0,0.0,0,0.0,0.0,1,1.0,0,0.0,0.0,1,1.0,0,0.0,0.0,0,0.0,0,0.0,0.0,0,0.0,0,0.0,0,0.0,0,0.0,0,0.0,0,0.0,0,0.0,0,0.0,0,0.0,1,1.0,-7,-7.0,589,589.0,1,1.0,0,0.0,0,0.0,0,0.0,0,0.0,0,0.0,0,0.0,0,0.0,0,0.0,0
,2016-12-18,BOS@MIA,9108,Jerebko,Jonas,PF,82,BOS,Boston,Celtics,5,5.0,2,2.0,40.0,2,2.0,0,0.0,0.0,7,7.0,2,2.0,28.6,0,0.0,0,0.0,0.0,2,2.0,1,1.0,3,3.0,1,1.0,4,4.0,0,0.0,0,0.0,0,0.0,1,1.0,5,5.0,-11,-11.0,1161,1161.0,5,5.0,0,0.0,0,0.0,0,0.0,0,0.0,0,0.0,0,0.0,0,0.0,0,0.0,0
,2016-12-18,BOS@MIA,9109,Johnson,Amir,PF,82,BOS,Boston,Celtics,4,4.0,3,3.0,75.0,1,1.0,1,1.0,100.0,5,5.0,4,4.0,80.0,0,0.0,0,0.0,0.0,2,2.0,2,2.0,4,4.0,2,2.0,9,9.0,1,1.0,0,0.0,0,0.0,0,0.0,3,3.0,4,4.0,1376,1376.0,3,3.0,0,0.0,0,0.0,0,0.0,0,0.0,0,0.0,0,0.0,0,0.0,0,0.0,0
,2016-12-18,BOS@MIA,9493,Johnson,James,PF,92,MIA,Miami,Heat,0,0.0,0,0.0,0.0,0,0.0,0,0.0,0.0,0,0.0,0,0.0,0.0,0,0.0,0,0.0,0.0,0,0.0,0,0.0,0,0.0,0,0.0,0,0.0,0,0.0,0,0.0,0,0.0,0,0.0,0,0.0,0,0.0,0,0.0,0,0.0,0,0.0,0,0.0,0,0.0,0,0.0,0,0.0,0,0.0,0,0.0,0,0.0,0
,2016-12-18,UTA@MEM,9319,Johnson,Joe,SF,98,UTA,Utah,Jazz,2,2.0,0,0.0,0.0,4,4.0,1,1.0,25.0,6,6.0,1,1.0,16.7,0,0.0,0,0.0,0.0,0,0.0,2,2.0,2,2.0,0,0.0,3,3.0,0,0.0,0,0.0,0,0.0,0,0.0,1,1.0,-8,-8.0,721,721.0,1,1.0,0,0.0,0,0.0,0,0.0,0,0.0,0,0.0,0,0.0,0,0.0,0,0.0,0
,2016-12-18,BOS@MIA,9311,Johnson,Tyler,SG,92,MIA,Miami,Heat,5,5.0,4,4.0,80.0,6,6.0,1,1.0,16.7,11,11.0,5,5.0,45.4,2,2.0,1,1.0,50.0,3,3.0,5,5.0,8,8.0,5,5.0,12,12.0,9,9.0,1,1.0,1,1.0,0,0.0,5,5.0,-22,-22.0,1071,1071.0,5,5.0,0,0.0,0,0.0,0,0.0,0,0.0,0,0.0,0,0.0,0,0.0,0,0.0,0
,2016-12-18,LAC@WAS,9269,Johnson,Wesley,SF,102,LAC,Los Angeles,Clippers,2,2.0,1,1.0,50.0,0,0.0,0,0.0,0.0,2,2.0,1,1.0,50.0,0,0.0,0,0.0,0.0,1,1.0,1,1.0,2,2.0,1,1.0,2,2.0,1,1.0,1,1.0,0,0.0,0,0.0,2,2.0,-2,-2.0,579,579.0,2,2.0,0,0.0,0,0.0,0,0.0,0,0.0,0,0.0,0,0.0,0,0.0,0,0.0,0
,2016-12-18,NOP@SAS,9233,Jones,Terrence,PF,110,NOP,New Orleans,Pelicans,5,5.0,3,3.0,60.0,0,0.0,0,0.0,0.0,5,5.0,3,3.0,60.0,6,6.0,3,3.0,50.0,1,1.0,1,1.0,2,2.0,0,0.0,9,9.0,0,0.0,1,1.0,2,2.0,1,1.0,2,2.0,-19,-19.0,670,670.0,2,2.0,0,0.0,0,0.0,0,0.0,0,0.0,0,0.0,0,0.0,0,0.0,0,0.0,0
,2016-12-18,LAC@WAS,9268,Jordan,DeAndre,C,102,LAC,Los Angeles,Clippers,6,6.0,5,5.0,83.3,0,0.0,0,0.0,0.0,6,6.0,5,5.0,83.3,6,6.0,3,3.0,50.0,4,4.0,13,13.0,17,17.0,2,2.0,13,13.0,3,3.0,0,0.0,1,1.0,1,1.0,2,2.0,-9,-9.0,2136,2136.0,6,6.0,0,0.0,4,4.0,0,0.0,0,0.0,0,0.0,0,0.0,0,0.0,0,0.0,0
,2016-12-18,TOR@ORL,9498,Joseph,Cory,SG,81,TOR,Toronto,Raptors,0,0.0,0,0.0,0.0,0,0.0,0,0.0,0.0,0,0.0,0,0.0,0.0,0,0.0,0,0.0,0.0,0,0.0,0,0.0,0,0.0,0,0.0,0,0.0,0,0.0,0,0.0,0,0.0,0,0.0,0,0.0,0,0.0,0,0.0,0,0.0,0,0.0,0,0.0,0,0.0,0,0.0,0,0.0,0,0.0,0,0.0,0,0.0,0
,2016-12-18,BRO@PHI,9125,Kilpatrick,Sean,SG,84,BRO,Brooklyn,Nets,3,3.0,2,2.0,66.7,2,2.0,0,0.0,0.0,5,5.0,2,2.0,40.0,4,4.0,3,3.0,75.0,0,0.0,4,4.0,4,4.0,3,3.0,7,7.0,2,2.0,1,1.0,0,0.0,0,0.0,1,1.0,10,10.0,1855,1855.0,1,1.0,0,0.0,0,0.0,0,0.0,0,0.0,0,0.0,0,0.0,0,0.0,0,0.0,0
,2016-12-18,SAC@DAL,9463,Koufos,Kosta,C,103,SAC,Sacramento,Kings,3,3.0,3,3.0,100.0,0,0.0,0,0.0,0.0,3,3.0,3,3.0,100.0,0,0.0,0,0.0,0.0,2,2.0,7,7.0,9,9.0,0,0.0,6,6.0,3,3.0,2,2.0,0,0.0,0,0.0,4,4.0,-8,-8.0,1355,1355.0,4,4.0,0,0.0,0,0.0,0,0.0,0,0.0,0,0.0,0,0.0,0,0.0,0,0.0,0
,2016-12-18,SAC@DAL,10140,Labissiere,Skal,F,103,SAC,Sacramento,Kings,0,0.0,0,0.0,0.0,0,0.0,0,0.0,0.0,0,0.0,0,0.0,0.0,0,0.0,0,0.0,0.0,0,0.0,0,0.0,0,0.0,0,0.0,0,0.0,1,1.0,0,0.0,0,0.0,0,0.0,0,0.0,-3,-3.0,131,131.0,0,0.0,0,0.0,0,0.0,0,0.0,0,0.0,0,0.0,0,0.0,0,0.0,0,0.0,0
,2016-12-18,NOP@SAS,10111,Laprovittola,Nicolas,G,106,SAS,San Antonio,Spurs,0,0.0,0,0.0,0.0,0,0.0,0,0.0,0.0,0,0.0,0,0.0,0.0,0,0.0,0,0.0,0.0,0,0.0,0,0.0,0,0.0,0,0.0,0,0.0,0,0.0,0,0.0,0,0.0,0,0.0,0,0.0,0,0.0,0,0.0,0,0.0,0,0.0,0,0.0,0,0.0,0,0.0,0,0.0,0,0.0,0,0.0,0,0.0,0
,2016-12-18,SAC@DAL,9261,Lawson,Ty,G,103,SAC,Sacramento,Kings,5,5.0,2,2.0,40.0,4,4.0,2,2.0,50.0,9,9.0,4,4.0,44.4,0,0.0,0,0.0,0.0,0,0.0,2,2.0,2,2.0,3,3.0,10,10.0,2,2.0,1,1.0,0,0.0,1,1.0,1,1.0,-15,-15.0,1722,1722.0,2,2.0,0,0.0,1,1.0,0,0.0,0,0.0,0,0.0,0,0.0,0,0.0,0,0.0,0
,2016-12-18,NOP@SAS,9186,Lee,David,PF,106,SAS,San Antonio,Spurs,3,3.0,2,2.0,66.7,0,0.0,0,0.0,0.0,3,3.0,2,2.0,66.7,1,1.0,0,0.0,0.0,2,2.0,4,4.0,6,6.0,3,3.0,4,4.0,1,1.0,0,0.0,0,0.0,1,1.0,3,3.0,12,12.0,789,789.0,3,3.0,0,0.0,0,0.0,0,0.0,0,0.0,0,0.0,0,0.0,0,0.0,0,0.0,0
,2016-12-18,NOP@SAS,9476,Leonard,Kawhi,SF,106,SAS,San Antonio,Spurs,7,7.0,4,4.0,57.1,3,3.0,1,1.0,33.3,10,10.0,5,5.0,50.0,2,2.0,2,2.0,100.0,0,0.0,2,2.0,2,2.0,0,0.0,13,13.0,0,0.0,1,1.0,1,1.0,0,0.0,1,1.0,26,26.0,1403,1403.0,1,1.0,0,0.0,0,0.0,0,0.0,0,0.0,0,0.0,0,0.0,0,0.0,0,0.0,0
,2016-12-18,BRO@PHI,9659,Levert,Caris,G,84,BRO,Brooklyn,Nets,2,2.0,1,1.0,50.0,1,1.0,0,0.0,0.0,3,3.0,1,1.0,33.3,0,0.0,0,0.0,0.0,0,0.0,1,1.0,1,1.0,1,1.0,2,2.0,1,1.0,0,0.0,0,0.0,0,0.0,0,0.0,3,3.0,1273,1273.0,0,0.0,0,0.0,0,0.0,0,0.0,0,0.0,0,0.0,0,0.0,0,0.0,0,0.0,0
,2016-12-18,BRO@PHI,9138,Lin,Jeremy,SG,84,BRO,Brooklyn,Nets,3,3.0,3,3.0,100.0,7,7.0,2,2.0,28.6,10,10.0,5,5.0,50.0,5,5.0,4,4.0,80.0,0,0.0,2,2.0,2,2.0,4,4.0,16,16.0,3,3.0,2,2.0,0,0.0,0,0.0,1,1.0,5,5.0,1049,1049.0,1,1.0,0,0.0,0,0.0,0,0.0,0,0.0,0,0.0,0,0.0,0,0.0,0,0.0,0
,2016-12-18,BRO@PHI,9118,Lopez,Brook,C,84,BRO,Brooklyn,Nets,11,11.0,5,5.0,45.4,3,3.0,1,1.0,33.3,14,14.0,6,6.0,42.9,10,10.0,9,9.0,90.0,3,3.0,6,6.0,9,9.0,8,8.0,22,22.0,1,1.0,1,1.0,4,4.0,1,1.0,4,4.0,13,13.0,2096,2096.0,4,4.0,0,0.0,0,0.0,0,0.0,0,0.0,0,0.0,0,0.0,0,0.0,0,0.0,0
,2016-12-18,TOR@ORL,9490,Lowry,Kyle,PG,81,TOR,Toronto,Raptors,2,2.0,1,1.0,50.0,7,7.0,2,2.0,28.6,9,9.0,3,3.0,33.3,8,8.0,8,8.0,100.0,0,0.0,3,3.0,3,3.0,10,10.0,16,16.0,4,4.0,1,1.0,0,0.0,0,0.0,2,2.0,23,23.0,2096,2096.0,2,2.0,0,0.0,0,0.0,0,0.0,0,0.0,0,0.0,0,0.0,0,0.0,0,0.0,0
,2016-12-18,UTA@MEM,9512,Lyles,Trey,PF,98,UTA,Utah,Jazz,0,0.0,0,0.0,0.0,2,2.0,0,0.0,0.0,2,2.0,0,0.0,0.0,2,2.0,0,0.0,0.0,0,0.0,2,2.0,2,2.0,0,0.0,0,0.0,1,1.0,0,0.0,1,1.0,0,0.0,4,4.0,-7,-7.0,457,457.0,4,4.0,0,0.0,0,0.0,0,0.0,0,0.0,0,0.0,0,0.0,0,0.0,0,0.0,0
,2016-12-18,UTA@MEM,9502,Mack,Shelvin,PG,98,UTA,Utah,Jazz,5,5.0,2,2.0,40.0,2,2.0,2,2.0,100.0,7,7.0,4,4.0,57.1,3,3.0,0,0.0,0.0,0,0.0,6,6.0,6,6.0,5,5.0,10,10.0,4,4.0,1,1.0,0,0.0,0,0.0,1,1.0,4,4.0,1438,1438.0,1,1.0,0,0.0,0,0.0,0,0.0,0,0.0,0,0.0,0,0.0,0,0.0,0,0.0,0
,2016-12-18,UTA@MEM,9303,Martin,Jarell,PF,107,MEM,Memphis,Grizzlies,6,6.0,3,3.0,50.0,1,1.0,0,0.0,0.0,7,7.0,3,3.0,42.9,1,1.0,1,1.0,100.0,2,2.0,1,1.0,3,3.0,0,0.0,7,7.0,0,0.0,0,0.0,0,0.0,2,2.0,2,2.0,5,5.0,702,702.0,2,2.0,0,0.0,0,0.0,0,0.0,0,0.0,0,0.0,0,0.0,0,0.0,0,0.0,0
,2016-12-18,SAC@DAL,9179,Matthews,Wesley,SG,108,DAL,Dallas,Mavericks,5,5.0,3,3.0,60.0,8,8.0,3,3.0,37.5,13,13.0,6,6.0,46.2,0,0.0,0,0.0,0.0,0,0.0,2,2.0,2,2.0,1,1.0,15,15.0,2,2.0,1,1.0,0,0.0,1,1.0,3,3.0,10,10.0,2072,2072.0,3,3.0,0,0.0,0,0.0,0,0.0,0,0.0,0,0.0,0,0.0,0,0.0,0,0.0,0
,2016-12-18,LAC@WAS,9275,Mbah a Moute,Luc,PF,102,LAC,Los Angeles,Clippers,3,3.0,2,2.0,66.7,1,1.0,0,0.0,0.0,4,4.0,2,2.0,50.0,2,2.0,2,2.0,100.0,1,1.0,0,0.0,1,1.0,0,0.0,6,6.0,1,1.0,1,1.0,0,0.0,1,1.0,2,2.0,-11,-11.0,1000,1000.0,3,3.0,0,0.0,1,1.0,0,0.0,0,0.0,0,0.0,0,0.0,0,0.0,0,0.0,0
,2016-12-18,BRO@PHI,9423,McConnell,TJ,PG,85,PHI,Philadelphia,76ers,8,8.0,4,4.0,50.0,1,1.0,0,0.0,0.0,9,9.0,4,4.0,44.4,0,0.0,0,0.0,0.0,1,1.0,2,2.0,3,3.0,6,6.0,8,8.0,3,3.0,0,0.0,0,0.0,0,0.0,3,3.0,9,9.0,1133,1133.0,3,3.0,0,0.0,0,0.0,0,0.0,0,0.0,0,0.0,0,0.0,0,0.0,0,0.0,0
,2016-12-18,BOS@MIA,9663,McGruder,Rodney,SG,92,MIA,Miami,Heat,2,2.0,1,1.0,50.0,1,1.0,1,1.0,100.0,3,3.0,2,2.0,66.7,2,2.0,2,2.0,100.0,1,1.0,4,4.0,5,5.0,3,3.0,7,7.0,0,0.0,0,0.0,0,0.0,0,0.0,2,2.0,-4,-4.0,1946,1946.0,2,2.0,0,0.0,0,0.0,0,0.0,0,0.0,0,0.0,0,0.0,0,0.0,0,0.0,0
,2016-12-18,SAC@DAL,9458,McLemore,Ben,SG,103,SAC,Sacramento,Kings,3,3.0,1,1.0,33.3,2,2.0,1,1.0,50.0,5,5.0,2,2.0,40.0,0,0.0,0,0.0,0.0,0,0.0,3,3.0,3,3.0,2,2.0,5,5.0,2,2.0,1,1.0,0,0.0,0,0.0,5,5.0,-8,-8.0,1601,1601.0,6,6.0,0,0.0,1,1.0,0,0.0,0,0.0,0,0.0,0,0.0,0,0.0,0,0.0,0
,2016-12-18,BOS@MIA,9309,McRoberts,Josh,PF,92,MIA,Miami,Heat,2,2.0,1,1.0,50.0,3,3.0,2,2.0,66.7,5,5.0,3,3.0,60.0,0,0.0,0,0.0,0.0,0,0.0,0,0.0,0,0.0,4,4.0,8,8.0,1,1.0,0,0.0,0,0.0,0,0.0,0,0.0,-9,-9.0,1072,1072.0,0,0.0,0,0.0,0,0.0,0,0.0,0,0.0,0,0.0,0,0.0,0,0.0,0,0.0,0
,2016-12-18,TOR@ORL,9206,Meeks,Jodie,SG,95,ORL,Orlando,Magic,4,4.0,1,1.0,25.0,2,2.0,0,0.0,0.0,6,6.0,1,1.0,16.7,0,0.0,0,0.0,0.0,0,0.0,0,0.0,0,0.0,1,1.0,2,2.0,0,0.0,0,0.0,0,0.0,1,1.0,1,1.0,-21,-21.0,1121,1121.0,1,1.0,0,0.0,0,0.0,0,0.0,0,0.0,0,0.0,0,0.0,0,0.0,0,0.0,0
,2016-12-18,SAC@DAL,9185,Mejri,Salah,C,108,DAL,Dallas,Mavericks,0,0.0,0,0.0,0.0,0,0.0,0,0.0,0.0,0,0.0,0,0.0,0.0,0,0.0,0,0.0,0.0,1,1.0,6,6.0,7,7.0,0,0.0,0,0.0,0,0.0,0,0.0,3,3.0,0,0.0,1,1.0,5,5.0,1395,1395.0,4,4.0,0,0.0,2,2.0,0,0.0,0,0.0,0,0.0,0,0.0,0,0.0,0,0.0,0
,2016-12-18,NOP@SAS,9474,Mills,Patty,PG,106,SAS,San Antonio,Spurs,3,3.0,1,1.0,33.3,4,4.0,2,2.0,50.0,7,7.0,3,3.0,42.9,3,3.0,3,3.0,100.0,0,0.0,3,3.0,3,3.0,7,7.0,11,11.0,2,2.0,1,1.0,0,0.0,0,0.0,0,0.0,-2,-2.0,876,876.0,0,0.0,0,0.0,0,0.0,0,0.0,0,0.0,0,0.0,0,0.0,0,0.0,0,0.0,0
,2016-12-18,NOP@SAS,9147,Moore,E'Twaun,SG,110,NOP,New Orleans,Pelicans,4,4.0,1,1.0,25.0,1,1.0,1,1.0,100.0,5,5.0,2,2.0,40.0,0,0.0,0,0.0,0.0,0,0.0,1,1.0,1,1.0,5,5.0,5,5.0,0,0.0,1,1.0,0,0.0,0,0.0,1,1.0,-27,-27.0,1510,1510.0,1,1.0,0,0.0,0,0.0,0,0.0,0,0.0,0,0.0,0,0.0,0,0.0,0,0.0,0
,2016-12-18,LAC@WAS,9520,Morris,Markieff,PF,94,WAS,Washington,Wizards,15,15.0,9,9.0,60.0,2,2.0,1,1.0,50.0,17,17.0,10,10.0,58.8,3,3.0,2,2.0,66.7,1,1.0,8,8.0,9,9.0,3,3.0,23,23.0,2,2.0,3,3.0,1,1.0,0,0.0,5,5.0,15,15.0,1961,1961.0,9,9.0,0,0.0,4,4.0,0,0.0,0,0.0,0,0.0,0,0.0,0,0.0,0,0.0,0
,2016-12-18,LAC@WAS,9401,Nicholson,Andrew,PF,94,WAS,Washington,Wizards,2,2.0,1,1.0,50.0,0,0.0,0,0.0,0.0,2,2.0,1,1.0,50.0,1,1.0,1,1.0,100.0,0,0.0,0,0.0,0,0.0,1,1.0,3,3.0,1,1.0,1,1.0,0,0.0,0,0.0,3,3.0,-7,-7.0,791,791.0,5,5.0,0,0.0,1,1.0,0,0.0,0,0.0,0,0.0,0,0.0,0,0.0,0,0.0,0
,2016-12-18,BRO@PHI,9413,Noel,Nerlens,C,85,PHI,Philadelphia,76ers,0,0.0,0,0.0,0.0,0,0.0,0,0.0,0.0,0,0.0,0,0.0,0.0,0,0.0,0,0.0,0.0,0,0.0,0,0.0,0,0.0,0,0.0,0,0.0,0,0.0,0,0.0,0,0.0,0,0.0,0,0.0,0,0.0,0,0.0,0,0.0,0,0.0,0,0.0,0,0.0,0,0.0,0,0.0,0,0.0,0,0.0,0,0.0,0
,2016-12-18,TOR@ORL,9487,Nogueira,Lucas,C,81,TOR,Toronto,Raptors,4,4.0,3,3.0,75.0,0,0.0,0,0.0,0.0,4,4.0,3,3.0,75.0,0,0.0,0,0.0,0.0,0,0.0,5,5.0,5,5.0,1,1.0,6,6.0,0,0.0,0,0.0,1,1.0,0,0.0,1,1.0,20,20.0,647,647.0,1,1.0,0,0.0,0,0.0,0,0.0,0,0.0,0,0.0,0,0.0,0,0.0,0,0.0,0
,2016-12-18,LAC@WAS,10153,Ochefu,Daniel,F,94,WAS,Washington,Wizards,1,1.0,0,0.0,0.0,0,0.0,0,0.0,0.0,1,1.0,0,0.0,0.0,0,0.0,0,0.0,0.0,1,1.0,0,0.0,1,1.0,1,1.0,0,0.0,1,1.0,0,0.0,0,0.0,0,0.0,3,3.0,-5,-5.0,522,522.0,3,3.0,0,0.0,0,0.0,0,0.0,0,0.0,0,0.0,0,0.0,0,0.0,0,0.0,0
,2016-12-18,BRO@PHI,9421,Okafor,Jahlil,C,85,PHI,Philadelphia,76ers,10,10.0,0,0.0,0.0,0,0.0,0,0.0,0.0,10,10.0,0,0.0,0.0,4,4.0,3,3.0,75.0,6,6.0,5,5.0,11,11.0,2,2.0,3,3.0,3,3.0,0,0.0,1,1.0,2,2.0,3,3.0,-4,-4.0,1949,1949.0,3,3.0,0,0.0,0,0.0,0,0.0,0,0.0,0,0.0,0,0.0,0,0.0,0,0.0,0
,2016-12-18,BOS@MIA,9100,Olynyk,Kelly,C,82,BOS,Boston,Celtics,3,3.0,1,1.0,33.3,2,2.0,0,0.0,0.0,5,5.0,1,1.0,20.0,4,4.0,2,2.0,50.0,0,0.0,2,2.0,2,2.0,0,0.0,4,4.0,2,2.0,3,3.0,0,0.0,0,0.0,1,1.0,10,10.0,534,534.0,1,1.0,0,0.0,0,0.0,0,0.0,0,0.0,0,0.0,0,0.0,0,0.0,0,0.0,0
,2016-12-18,TOR@ORL,10116,Onuaku,Arinze,F,95,ORL,Orlando,Magic,2,2.0,0,0.0,0.0,0,0.0,0,0.0,0.0,2,2.0,0,0.0,0.0,0,0.0,0,0.0,0.0,0,0.0,3,3.0,3,3.0,0,0.0,0,0.0,0,0.0,0,0.0,0,0.0,0,0.0,1,1.0,-1,-1.0,408,408.0,1,1.0,0,0.0,0,0.0,0,0.0,0,0.0,0,0.0,0,0.0,0,0.0,0,0.0,0
,2016-12-18,LAC@WAS,9526,Oubre Jr.,Kelly,SF,94,WAS,Washington,Wizards,0,0.0,0,0.0,0.0,0,0.0,0,0.0,0.0,0,0.0,0,0.0,0.0,0,0.0,0,0.0,0.0,0,0.0,0,0.0,0,0.0,0,0.0,0,0.0,0,0.0,0,0.0,0,0.0,0,0.0,0,0.0,0,0.0,0,0.0,0,0.0,0,0.0,0,0.0,0,0.0,0,0.0,0,0.0,0,0.0,0,0.0,0,0.0,0
,2016-12-18,NOP@SAS,9472,Parker,Tony,PG,106,SAS,San Antonio,Spurs,12,12.0,6,6.0,50.0,0,0.0,0,0.0,0.0,12,12.0,6,6.0,50.0,0,0.0,0,0.0,0.0,2,2.0,2,2.0,4,4.0,5,5.0,12,12.0,1,1.0,0,0.0,0,0.0,2,2.0,0,0.0,25,25.0,1547,1547.0,0,0.0,0,0.0,0,0.0,0,0.0,0,0.0,0,0.0,0,0.0,0,0.0,0,0.0,0
,2016-12-18,TOR@ORL,9488,Patterson,Patrick,PF,81,TOR,Toronto,Raptors,1,1.0,0,0.0,0.0,3,3.0,1,1.0,33.3,4,4.0,1,1.0,25.0,0,0.0,0,0.0,0.0,0,0.0,4,4.0,4,4.0,1,1.0,3,3.0,0,0.0,2,2.0,0,0.0,0,0.0,1,1.0,11,11.0,622,622.0,1,1.0,0,0.0,0,0.0,0,0.0,0,0.0,0,0.0,0,0.0,0,0.0,0,0.0,0
,2016-12-18,LAC@WAS,9265,Paul,Chris,PG,102,LAC,Los Angeles,Clippers,10,10.0,5,5.0,50.0,5,5.0,1,1.0,20.0,15,15.0,6,6.0,40.0,1,1.0,0,0.0,0.0,1,1.0,3,3.0,4,4.0,12,12.0,13,13.0,3,3.0,2,2.0,0,0.0,0,0.0,4,4.0,-5,-5.0,2222,2222.0,6,6.0,0,0.0,2,2.0,0,0.0,0,0.0,0,0.0,0,0.0,0,0.0,0,0.0,0
,2016-12-18,TOR@ORL,9407,Payton,Elfrid,PG,95,ORL,Orlando,Magic,8,8.0,6,6.0,75.0,2,2.0,0,0.0,0.0,10,10.0,6,6.0,60.0,1,1.0,1,1.0,100.0,0,0.0,2,2.0,2,2.0,3,3.0,13,13.0,1,1.0,0,0.0,0,0.0,0,0.0,0,0.0,-21,-21.0,1125,1125.0,0,0.0,0,0.0,0,0.0,0,0.0,0,0.0,0,0.0,0,0.0,0,0.0,0,0.0,0
,2016-12-18,TOR@ORL,10122,Poeltl,Jakob,C,81,TOR,Toronto,Raptors,1,1.0,0,0.0,0.0,0,0.0,0,0.0,0.0,1,1.0,0,0.0,0.0,2,2.0,0,0.0,0.0,1,1.0,1,1.0,2,2.0,0,0.0,0,0.0,0,0.0,1,1.0,0,0.0,0,0.0,0,0.0,-3,-3.0,323,323.0,0,0.0,0,0.0,0,0.0,0,0.0,0,0.0,0,0.0,0,0.0,0,0.0,0,0.0,0
,2016-12-18,LAC@WAS,9524,Porter Jr.,Otto,SF,94,WAS,Washington,Wizards,5,5.0,3,3.0,60.0,2,2.0,0,0.0,0.0,7,7.0,3,3.0,42.9,4,4.0,3,3.0,75.0,2,2.0,2,2.0,4,4.0,2,2.0,9,9.0,0,0.0,3,3.0,0,0.0,0,0.0,1,1.0,7,7.0,2008,2008.0,3,3.0,0,0.0,2,2.0,0,0.0,0,0.0,0,0.0,0,0.0,0,0.0,0,0.0,0
,2016-12-18,SAC@DAL,9177,Powell,Dwight,PF,108,DAL,Dallas,Mavericks,4,4.0,3,3.0,75.0,0,0.0,0,0.0,0.0,4,4.0,3,3.0,75.0,2,2.0,2,2.0,100.0,2,2.0,4,4.0,6,6.0,1,1.0,8,8.0,0,0.0,1,1.0,0,0.0,1,1.0,0,0.0,8,8.0,1201,1201.0,2,2.0,0,0.0,2,2.0,0,0.0,0,0.0,0,0.0,0,0.0,0,0.0,0,0.0,0
,2016-12-18,TOR@ORL,9500,Powell,Norman,SG,81,TOR,Toronto,Raptors,4,4.0,4,4.0,100.0,2,2.0,0,0.0,0.0,6,6.0,4,4.0,66.7,0,0.0,0,0.0,0.0,0,0.0,1,1.0,1,1.0,0,0.0,8,8.0,1,1.0,1,1.0,0,0.0,0,0.0,0,0.0,3,3.0,481,481.0,0,0.0,0,0.0,0,0.0,0,0.0,0,0.0,0,0.0,0,0.0,0,0.0,0,0.0,0
,2016-12-18,UTA@MEM,9294,Randolph,Zach,PF,107,MEM,Memphis,Grizzlies,11,11.0,5,5.0,45.4,2,2.0,0,0.0,0.0,13,13.0,5,5.0,38.5,2,2.0,2,2.0,100.0,3,3.0,8,8.0,11,11.0,1,1.0,12,12.0,1,1.0,1,1.0,0,0.0,1,1.0,3,3.0,6,6.0,1128,1128.0,3,3.0,0,0.0,0,0.0,0,0.0,0,0.0,0,0.0,0,0.0,0,0.0,0,0.0,0
,2016-12-18,LAC@WAS,9264,Redick,JJ,SG,102,LAC,Los Angeles,Clippers,8,8.0,5,5.0,62.5,6,6.0,2,2.0,33.3,14,14.0,7,7.0,50.0,2,2.0,1,1.0,50.0,0,0.0,1,1.0,1,1.0,0,0.0,17,17.0,0,0.0,0,0.0,0,0.0,1,1.0,2,2.0,-3,-3.0,1527,1527.0,3,3.0,0,0.0,1,1.0,0,0.0,0,0.0,0,0.0,0,0.0,0,0.0,0,0.0,0
,2016-12-18,BOS@MIA,9123,Reed,Willie,PF,92,MIA,Miami,Heat,0,0.0,0,0.0,0.0,0,0.0,0,0.0,0.0,0,0.0,0,0.0,0.0,0,0.0,0,0.0,0.0,0,0.0,0,0.0,0,0.0,0,0.0,0,0.0,0,0.0,0,0.0,0,0.0,0,0.0,0,0.0,0,0.0,0,0.0,0,0.0,0,0.0,0,0.0,0,0.0,0,0.0,0,0.0,0,0.0,0,0.0,0,0.0,0
,2016-12-18,BOS@MIA,9317,Richardson,Josh,SG,92,MIA,Miami,Heat,4,4.0,3,3.0,75.0,6,6.0,0,0.0,0.0,10,10.0,3,3.0,30.0,0,0.0,0,0.0,0.0,0,0.0,3,3.0,3,3.0,0,0.0,6,6.0,0,0.0,1,1.0,0,0.0,0,0.0,1,1.0,2,2.0,2147,2147.0,1,1.0,0,0.0,0,0.0,0,0.0,0,0.0,0,0.0,0,0.0,0,0.0,0,0.0,0
,2016-12-18,SAC@DAL,10141,Richardson,Malachi,G,103,SAC,Sacramento,Kings,0,0.0,0,0.0,0.0,0,0.0,0,0.0,0.0,0,0.0,0,0.0,0.0,0,0.0,0,0.0,0.0,0,0.0,0,0.0,0,0.0,0,0.0,0,0.0,0,0.0,0,0.0,0,0.0,0,0.0,0,0.0,-3,-3.0,131,131.0,0,0.0,0,0.0,0,0.0,0,0.0,0,0.0,0,0.0,0,0.0,0,0.0,0,0.0,0
,2016-12-18,LAC@WAS,9270,Rivers,Austin,SG,102,LAC,Los Angeles,Clippers,6,6.0,5,5.0,83.3,3,3.0,1,1.0,33.3,9,9.0,6,6.0,66.7,0,0.0,0,0.0,0.0,0,0.0,0,0.0,0,0.0,2,2.0,13,13.0,1,1.0,2,2.0,0,0.0,0,0.0,6,6.0,-5,-5.0,1513,1513.0,8,8.0,0,0.0,1,1.0,1,1.0,0,0.0,0,0.0,0,0.0,0,0.0,0,0.0,0
,2016-12-18,BRO@PHI,10114,Rodriguez,Sergio,G,85,PHI,Philadelphia,76ers,6,6.0,0,0.0,0.0,5,5.0,3,3.0,60.0,11,11.0,3,3.0,27.3,0,0.0,0,0.0,0.0,1,1.0,1,1.0,2,2.0,5,5.0,9,9.0,2,2.0,1,1.0,0,0.0,1,1.0,3,3.0,-7,-7.0,1713,1713.0,3,3.0,0,0.0,0,0.0,0,0.0,0,0.0,0,0.0,0,0.0,0,0.0,0,0.0,0
,2016-12-18,TOR@ORL,9492,Ross,Terrence,SF,81,TOR,Toronto,Raptors,5,5.0,1,1.0,20.0,8,8.0,3,3.0,37.5,13,13.0,4,4.0,30.8,0,0.0,0,0.0,0.0,0,0.0,2,2.0,2,2.0,0,0.0,11,11.0,0,0.0,1,1.0,1,1.0,1,1.0,1,1.0,25,25.0,1174,1174.0,1,1.0,0,0.0,0,0.0,0,0.0,0,0.0,0,0.0,0,0.0,0,0.0,0,0.0,0
,2016-12-18,BOS@MIA,9105,Rozier,Terry,PG,82,BOS,Boston,Celtics,3,3.0,2,2.0,66.7,1,1.0,0,0.0,0.0,4,4.0,2,2.0,50.0,2,2.0,1,1.0,50.0,0,0.0,1,1.0,1,1.0,1,1.0,5,5.0,0,0.0,0,0.0,0,0.0,1,1.0,0,0.0,4,4.0,867,867.0,0,0.0,0,0.0,0,0.0,0,0.0,0,0.0,0,0.0,0,0.0,0,0.0,0,0.0,0
,2016-12-18,TOR@ORL,9345,Rudez,Damjan,SF,95,ORL,Orlando,Magic,0,0.0,0,0.0,0.0,2,2.0,1,1.0,50.0,2,2.0,1,1.0,50.0,0,0.0,0,0.0,0.0,0,0.0,1,1.0,1,1.0,0,0.0,3,3.0,1,1.0,0,0.0,0,0.0,0,0.0,1,1.0,-4,-4.0,592,592.0,1,1.0,0,0.0,0,0.0,0,0.0,0,0.0,0,0.0,0,0.0,0,0.0,0,0.0,0
,2016-12-18,BRO@PHI,10115,Saric,Dario,F,85,PHI,Philadelphia,76ers,5,5.0,2,2.0,40.0,5,5.0,1,1.0,20.0,10,10.0,3,3.0,30.0,0,0.0,0,0.0,0.0,2,2.0,6,6.0,8,8.0,2,2.0,7,7.0,2,2.0,0,0.0,0,0.0,2,2.0,1,1.0,12,12.0,1140,1140.0,1,1.0,0,0.0,0,0.0,0,0.0,0,0.0,0,0.0,0,0.0,0,0.0,0,0.0,0
,2016-12-18,LAC@WAS,10151,Satoransky,Tomas,G,94,WAS,Washington,Wizards,0,0.0,0,0.0,0.0,0,0.0,0,0.0,0.0,0,0.0,0,0.0,0.0,0,0.0,0,0.0,0.0,0,0.0,0,0.0,0,0.0,2,2.0,0,0.0,0,0.0,0,0.0,0,0.0,0,0.0,1,1.0,3,3.0,451,451.0,1,1.0,0,0.0,0,0.0,0,0.0,0,0.0,0,0.0,0,0.0,0,0.0,0,0.0,0
,2016-12-18,BRO@PHI,9499,Scola,Luis,PF,84,BRO,Brooklyn,Nets,4,4.0,2,2.0,50.0,0,0.0,0,0.0,0.0,4,4.0,2,2.0,50.0,0,0.0,0,0.0,0.0,0,0.0,3,3.0,3,3.0,0,0.0,4,4.0,0,0.0,0,0.0,0,0.0,0,0.0,2,2.0,-9,-9.0,644,644.0,2,2.0,0,0.0,0,0.0,0,0.0,0,0.0,0,0.0,0,0.0,0,0.0,0,0.0,0
,2016-12-18,TOR@ORL,10123,Siakam,Pascal,F,81,TOR,Toronto,Raptors,3,3.0,2,2.0,66.7,1,1.0,0,0.0,0.0,4,4.0,2,2.0,50.0,2,2.0,2,2.0,100.0,3,3.0,4,4.0,7,7.0,0,0.0,6,6.0,2,2.0,0,0.0,4,4.0,0,0.0,4,4.0,17,17.0,1997,1997.0,4,4.0,0,0.0,0,0.0,0,0.0,0,0.0,0,0.0,0,0.0,0,0.0,0,0.0,0
,2016-12-18,NOP@SAS,9483,Simmons,Jonathon,SG,106,SAS,San Antonio,Spurs,1,1.0,1,1.0,100.0,0,0.0,0,0.0,0.0,1,1.0,1,1.0,100.0,0,0.0,0,0.0,0.0,0,0.0,1,1.0,1,1.0,0,0.0,2,2.0,0,0.0,0,0.0,0,0.0,0,0.0,0,0.0,7,7.0,363,363.0,0,0.0,0,0.0,0,0.0,0,0.0,0,0.0,0,0.0,0,0.0,0,0.0,0,0.0,0
,2016-12-18,BOS@MIA,9102,Smart,Marcus,PG,82,BOS,Boston,Celtics,7,7.0,2,2.0,28.6,1,1.0,0,0.0,0.0,8,8.0,2,2.0,25.0,2,2.0,2,2.0,100.0,1,1.0,5,5.0,6,6.0,4,4.0,6,6.0,3,3.0,1,1.0,0,0.0,2,2.0,1,1.0,1,1.0,1423,1423.0,1,1.0,0,0.0,0,0.0,0,0.0,0,0.0,0,0.0,0,0.0,0,0.0,0,0.0,0
,2016-12-18,LAC@WAS,9411,Smith,Jason,C,94,WAS,Washington,Wizards,0,0.0,0,0.0,0.0,0,0.0,0,0.0,0.0,0,0.0,0,0.0,0.0,0,0.0,0,0.0,0.0,0,0.0,0,0.0,0,0.0,0,0.0,0,0.0,0,0.0,0,0.0,0,0.0,0,0.0,0,0.0,0,0.0,0,0.0,0,0.0,0,0.0,0,0.0,0,0.0,0,0.0,0,0.0,0,0.0,0,0.0,0,0.0,0
,2016-12-18,LAC@WAS,9225,Speights,Marreese,C,102,LAC,Los Angeles,Clippers,2,2.0,2,2.0,100.0,5,5.0,2,2.0,40.0,7,7.0,4,4.0,57.1,4,4.0,4,4.0,100.0,3,3.0,1,1.0,4,4.0,0,0.0,14,14.0,0,0.0,0,0.0,0,0.0,0,0.0,3,3.0,2,2.0,744,744.0,9,9.0,0,0.0,6,6.0,0,0.0,0,0.0,0,0.0,0,0.0,0,0.0,0,0.0,0
,2016-12-18,BRO@PHI,9417,Stauskas,Nik,SG,85,PHI,Philadelphia,76ers,0,0.0,0,0.0,0.0,0,0.0,0,0.0,0.0,0,0.0,0,0.0,0.0,0,0.0,0,0.0,0.0,0,0.0,0,0.0,0,0.0,0,0.0,0,0.0,0,0.0,0,0.0,0,0.0,0,0.0,0,0.0,0,0.0,0,0.0,0,0.0,0,0.0,0,0.0,0,0.0,0,0.0,0,0.0,0,0.0,0,0.0,0,0.0,0
,2016-12-18,SAC@DAL,9525,Temple,Garrett,SF,103,SAC,Sacramento,Kings,2,2.0,0,0.0,0.0,8,8.0,1,1.0,12.5,10,10.0,1,1.0,10.0,2,2.0,2,2.0,100.0,1,1.0,4,4.0,5,5.0,7,7.0,5,5.0,3,3.0,2,2.0,1,1.0,0,0.0,3,3.0,-8,-8.0,2185,2185.0,5,5.0,0,0.0,2,2.0,0,0.0,0,0.0,0,0.0,0,0.0,0,0.0,0,0.0,0
,2016-12-18,BOS@MIA,9101,Thomas,Isaiah,PG,82,BOS,Boston,Celtics,10,10.0,6,6.0,60.0,5,5.0,3,3.0,60.0,15,15.0,9,9.0,60.0,2,2.0,2,2.0,100.0,1,1.0,1,1.0,2,2.0,4,4.0,23,23.0,2,2.0,1,1.0,0,0.0,1,1.0,1,1.0,14,14.0,1623,1623.0,1,1.0,0,0.0,0,0.0,0,0.0,0,0.0,0,0.0,0,0.0,0,0.0,0,0.0,0
,2016-12-18,BRO@PHI,9416,Thompson,Hollis,SG,85,PHI,Philadelphia,76ers,1,1.0,0,0.0,0.0,2,2.0,0,0.0,0.0,3,3.0,0,0.0,0.0,2,2.0,1,1.0,50.0,0,0.0,3,3.0,3,3.0,0,0.0,1,1.0,1,1.0,0,0.0,0,0.0,0,0.0,0,0.0,-4,-4.0,775,775.0,0,0.0,0,0.0,0,0.0,0,0.0,0,0.0,0,0.0,0,0.0,0,0.0,0,0.0,0
,2016-12-18,LAC@WAS,9532,Thornton,Marcus,SG,94,WAS,Washington,Wizards,3,3.0,2,2.0,66.7,1,1.0,1,1.0,100.0,4,4.0,3,3.0,75.0,0,0.0,0,0.0,0.0,1,1.0,3,3.0,4,4.0,0,0.0,7,7.0,2,2.0,0,0.0,0,0.0,0,0.0,1,1.0,-1,-1.0,834,834.0,1,1.0,0,0.0,0,0.0,0,0.0,0,0.0,0,0.0,0,0.0,0,0.0,0,0.0,0
,2016-12-18,SAC@DAL,9208,Tolliver,Anthony,PF,103,SAC,Sacramento,Kings,2,2.0,1,1.0,50.0,4,4.0,1,1.0,25.0,6,6.0,2,2.0,33.3,2,2.0,2,2.0,100.0,1,1.0,6,6.0,7,7.0,1,1.0,7,7.0,1,1.0,0,0.0,2,2.0,1,1.0,1,1.0,-9,-9.0,1355,1355.0,2,2.0,0,0.0,1,1.0,0,0.0,0,0.0,0,0.0,0,0.0,0,0.0,0,0.0,0
,2016-12-18,TOR@ORL,9491,Valanciunas,Jonas,C,81,TOR,Toronto,Raptors,15,15.0,8,8.0,53.3,0,0.0,0,0.0,0.0,15,15.0,8,8.0,53.3,0,0.0,0,0.0,0.0,6,6.0,7,7.0,13,13.0,0,0.0,16,16.0,0,0.0,0,0.0,1,1.0,1,1.0,1,1.0,15,15.0,1834,1834.0,1,1.0,0,0.0,0,0.0,0,0.0,0,0.0,0,0.0,0,0.0,0,0.0,0,0.0,0
,2016-12-18,TOR@ORL,10124,VanVleet,Fred,G,81,TOR,Toronto,Raptors,4,4.0,2,2.0,50.0,1,1.0,0,0.0,0.0,5,5.0,2,2.0,40.0,0,0.0,0,0.0,0.0,0,0.0,2,2.0,2,2.0,4,4.0,4,4.0,0,0.0,3,3.0,0,0.0,1,1.0,3,3.0,14,14.0,1192,1192.0,3,3.0,0,0.0,0,0.0,0,0.0,0,0.0,0,0.0,0,0.0,0,0.0,0,0.0,0
,2016-12-18,TOR@ORL,9412,Vucevic,Nikola,C,95,ORL,Orlando,Magic,12,12.0,5,5.0,41.7,0,0.0,0,0.0,0.0,12,12.0,5,5.0,41.7,0,0.0,0,0.0,0.0,5,5.0,4,4.0,9,9.0,1,1.0,10,10.0,1,1.0,0,0.0,0,0.0,1,1.0,2,2.0,-30,-30.0,1147,1147.0,2,2.0,0,0.0,0,0.0,0,0.0,0,0.0,0,0.0,0,0.0,0,0.0,0,0.0,0
,2016-12-18,LAC@WAS,9522,Wall,John,PG,94,WAS,Washington,Wizards,14,14.0,7,7.0,50.0,2,2.0,0,0.0,0.0,16,16.0,7,7.0,43.8,8,8.0,4,4.0,50.0,2,2.0,3,3.0,5,5.0,11,11.0,18,18.0,5,5.0,1,1.0,1,1.0,0,0.0,2,2.0,7,7.0,2184,2184.0,8,8.0,0,0.0,5,5.0,1,1.0,0,0.0,0,0.0,0,0.0,0,0.0,0,0.0,0
,2016-12-18,TOR@ORL,9410,Watson,CJ,PG,95,ORL,Orlando,Magic,1,1.0,0,0.0,0.0,3,3.0,1,1.0,33.3,4,4.0,1,1.0,25.0,0,0.0,0,0.0,0.0,0,0.0,0,0.0,0,0.0,1,1.0,3,3.0,2,2.0,0,0.0,0,0.0,0,0.0,0,0.0,-3,-3.0,567,567.0,0,0.0,0,0.0,0,0.0,0,0.0,0,0.0,0,0.0,0,0.0,0,0.0,0,0.0,0
,2016-12-18,BRO@PHI,9660,Whitehead,Isaiah,G,84,BRO,Brooklyn,Nets,3,3.0,1,1.0,33.3,3,3.0,2,2.0,66.7,6,6.0,3,3.0,50.0,4,4.0,3,3.0,75.0,0,0.0,1,1.0,1,1.0,0,0.0,11,11.0,0,0.0,0,0.0,0,0.0,1,1.0,2,2.0,-2,-2.0,1711,1711.0,2,2.0,0,0.0,0,0.0,0,0.0,0,0.0,0,0.0,0,0.0,0,0.0,0,0.0,0
,2016-12-18,BOS@MIA,9312,Whiteside,Hassan,C,92,MIA,Miami,Heat,13,13.0,9,9.0,69.2,0,0.0,0,0.0,0.0,13,13.0,9,9.0,69.2,9,9.0,5,5.0,55.6,2,2.0,15,15.0,17,17.0,0,0.0,23,23.0,3,3.0,0,0.0,3,3.0,0,0.0,3,3.0,0,0.0,2402,2402.0,3,3.0,0,0.0,0,0.0,0,0.0,0,0.0,0,0.0,0,0.0,0,0.0,0,0.0,0
,2016-12-18,SAC@DAL,9184,Williams,Deron,PG,108,DAL,Dallas,Mavericks,6,6.0,4,4.0,66.7,4,4.0,1,1.0,25.0,10,10.0,5,5.0,50.0,4,4.0,4,4.0,100.0,0,0.0,2,2.0,2,2.0,7,7.0,15,15.0,2,2.0,0,0.0,0,0.0,0,0.0,2,2.0,10,10.0,1974,1974.0,6,6.0,0,0.0,3,3.0,0,0.0,0,0.0,0,0.0,0,0.0,0,0.0,0,0.0,0
,2016-12-18,BOS@MIA,9377,Williams,Derrick,SF,92,MIA,Miami,Heat,0,0.0,0,0.0,0.0,0,0.0,0,0.0,0.0,0,0.0,0,0.0,0.0,0,0.0,0,0.0,0.0,0,0.0,0,0.0,0,0.0,0,0.0,0,0.0,0,0.0,0,0.0,0,0.0,0,0.0,0,0.0,0,0.0,0,0.0,0,0.0,0,0.0,0,0.0,0,0.0,0,0.0,0,0.0,0,0.0,0,0.0,0,0.0,0
,2016-12-18,NOP@SAS,11546,Williams,Reggie,C,110,NOP,New Orleans,Pelicans,0,0.0,0,0.0,0.0,0,0.0,0,0.0,0.0,0,0.0,0,0.0,0.0,0,0.0,0,0.0,0.0,0,0.0,0,0.0,0,0.0,0,0.0,0,0.0,0,0.0,0,0.0,0,0.0,0,0.0,0,0.0,0,0.0,0,0.0,0,0.0,0,0.0,0,0.0,0,0.0,0,0.0,0,0.0,0,0.0,0,0.0,0,0.0,0
,2016-12-18,UTA@MEM,11414,Williams,Troy,F,107,MEM,Memphis,Grizzlies,0,0.0,0,0.0,0.0,0,0.0,0,0.0,0.0,0,0.0,0,0.0,0.0,0,0.0,0,0.0,0.0,0,0.0,0,0.0,0,0.0,0,0.0,0,0.0,1,1.0,1,1.0,0,0.0,0,0.0,1,1.0,5,5.0,226,226.0,1,1.0,0,0.0,0,0.0,0,0.0,0,0.0,0,0.0,0,0.0,0,0.0,0,0.0,0
,2016-12-18,BOS@MIA,9313,Winslow,Justise,SF,92,MIA,Miami,Heat,3,3.0,2,2.0,66.7,1,1.0,0,0.0,0.0,4,4.0,2,2.0,50.0,8,8.0,4,4.0,50.0,1,1.0,3,3.0,4,4.0,4,4.0,8,8.0,5,5.0,4,4.0,1,1.0,1,1.0,5,5.0,2,2.0,1610,1610.0,6,6.0,0,0.0,0,0.0,1,1.0,0,0.0,0,0.0,0,0.0,0,0.0,0,0.0,0
,2016-12-18,BOS@MIA,9099,Zeller,Tyler,C,82,BOS,Boston,Celtics,1,1.0,0,0.0,0.0,1,1.0,0,0.0,0.0,2,2.0,0,0.0,0.0,0,0.0,0,0.0,0.0,0,0.0,1,1.0,1,1.0,0,0.0,0,0.0,0,0.0,0,0.0,0,0.0,0,0.0,0,0.0,-2,-2.0,154,154.0,0,0.0,0,0.0,0,0.0,0,0.0,0,0.0,0,0.0,0,0.0,0,0.0,0,0.0,0
